{
  "A_off": {
    "accuracy_mean": 0.5666666666666667,
    "accuracy_std": 0.04714045207910316,
    "accuracy_per_trial": [
      0.6,
      0.6,
      0.5
    ],
    "total_cost_usd": 0.056323649999999996
  },
  "B_unconditional": {
    "accuracy_mean": 0.43333333333333335,
    "accuracy_std": 0.04714045207910316,
    "accuracy_per_trial": [
      0.4,
      0.5,
      0.4
    ],
    "total_cost_usd": 0.0843795
  },
  "C_conditional_50": {
    "accuracy_mean": 0.5333333333333333,
    "accuracy_std": 0.04714045207910316,
    "accuracy_per_trial": [
      0.5,
      0.6,
      0.5
    ],
    "total_cost_usd": 0.061005
  },
  "D_conditional_95": {
    "accuracy_mean": 0.5333333333333333,
    "accuracy_std": 0.04714045207910316,
    "accuracy_per_trial": [
      0.5,
      0.5,
      0.6
    ],
    "total_cost_usd": 0.0680442
  }
}